<?xml version="1.0"?>
<!DOCTYPE hibernate-mapping PUBLIC
"-//Hibernate/Hibernate Mapping DTD 3.0//EN"
"http://hibernate.sourceforge.net/hibernate-mapping-3.0.dtd">
<hibernate-mapping>
<class name="com.student.Student" table="STUDENT">
        <meta attribute="class-description">This class contains student details.</meta>
        <id name="studentId" type="long" column="STUDENT_ID">
            <generator class="native" />
        </id>
        <property name="studentName" type="string" not-null="true" length="100" column="STUDENT_NAME" />
        
    </class>
	<class name="com.student.Address" table="ADDRESS">
		<meta attribute="class-description">This class contains the student's address
			details.</meta>
				
		<id name="id" column="studentId">
<generator class="foreign">
<param name="property">student</param>
</generator>
</id>
<one-to-one name="student" constrained="true"/>
		<property name="street" column="ADDRESS_STREET" type="string" length="250" />
		<property name="city" column="ADDRESS_CITY" type="string" length="50" />
		<property name="state" column="ADDRESS_STATE" type="string" length="50" />
		<property name="zipcode" column="ADDRESS_ZIPCODE" type="string" length="10" />
	</class>
</hibernate-mapping>
