<?xml version="1.0" encoding="UTF-8"?>
<!DOCTYPE hibernate-configuration PUBLIC
		"-//Hibernate/Hibernate Configuration DTD 3.0//EN"
		"http://hibernate.sourceforge.net/hibernate-configuration-3.0.dtd">
<hibernate-configuration>
    <session-factory>
  <property name="hibernate.connection.driver_class">oracle.jdbc.driver.OracleDriver</property>
  <!--    <property name="hibernate.connection.url">jdbc:oracle:thin:@NDAOracle.igatecorp.com:1521:orcl11g</property>
		<property name="hibernate.connection.username">lab01trg1</property>
		<property name="hibernate.connection.password">lab01oracle</property>
      <property name="hibernate.connection.url">jdbc:oracle:thin:@10.219.34.3:1521:orcl</property>
      <property name="hibernate.connection.username">trg301</property>
      <property name="hibernate.connection.password">training301</property> -->
                       <property name="hibernate.connection.url">jdbc:oracle:thin:@10.125.6.62:1521:orcl11g</property>
		<property name="hibernate.connection.username">lab08trg1</property>
		<property name="hibernate.connection.password">lab08oracle</property>
         <property name="dialect">org.hibernate.dialect.Oracle9iDialect</property>
        <property name="hibernate.hbm2ddl.auto">create</property>
            <property name="show_sql">true</property>
        <mapping resource="Project.hbm.xml"/>
    </session-factory>
</hibernate-configuration>
