<?xml version="1.0" encoding="UTF-8"?>
<!DOCTYPE hibernate-mapping PUBLIC "-//Hibernate/Hibernate Mapping DTD 3.0//EN" "http://hibernate.sourceforge.net/hibernate-mapping-3.0.dtd" >
<hibernate-mapping>
<class name="com.igate.Emp_Project" table="EMP_PROJ">
	<composite-id >
			<key-property name="empid" column="EID" length="5"></key-property>
			<key-property name="pid" column="PID" length="5"/>
	</composite-id>
	<property name="ename" type="string" column="ENAME" not-null="true" length="10"/>
	<property name="pname" type="string" column="PNAME" not-null="true" length="10"/>
	<property name="loc" type="string" column="LOCATION" not-null="true" length="10"/>
</class>
</hibernate-mapping>
