<?xml version="1.0" encoding="UTF-8"?>
<!DOCTYPE hibernate-mapping PUBLIC "-//Hibernate/Hibernate Mapping DTD 3.0//EN" "http://hibernate.sourceforge.net/hibernate-mapping-3.0.dtd" >
<hibernate-mapping>
<class name="com.igatepatni.example.Course" table="COURSES">
<meta attribute="class-description">
This class contains the course details.
</meta>
<id name="courseId" type="long" column="COURSE_ID">
<generator class="native"/>
</id>
<property name="courseName" type="string" column="COURSE_NAME" not-null="true" />
</class>
<query name="HQLName"><![CDATA[
	  from Course c where c.courseName=:name]]>
	</query>   
  <!-- <sql-query name="SQLpricing">
      <return-scalar column="price" type="double"/>
      <![CDATA[
	   select product.price from Product as product where product.price > 25.0]]>
   </sql-query>   --> 
</hibernate-mapping>
