<?xml version="1.0"?>
<!DOCTYPE hibernate-mapping PUBLIC
"-//Hibernate/Hibernate Mapping DTD 3.0//EN"
"http://hibernate.sourceforge.net/hibernate-mapping-3.0.dtd">
<hibernate-mapping>
	<class name="com.igatepatni.Item" table="Oct_Item2">
		<meta attribute="class-description">This class contains item details.</meta>
		<id name="id" type="long" column="Item_ID">
			<generator class="assigned" />
		</id>
		<property name="names" length="10" type="string" not-null="true"
			column="Item_name" />
		<map name="item_properties" table="Oct_Item_prop2">
            <key column="id"/>
            <index column="property_name" length="25" type="string"/>
            <element column="property_value" length="25" type="string"/>
        </map>
	</class>
</hibernate-mapping>
