<?xml version="1.0"?>
<!DOCTYPE hibernate-mapping PUBLIC 
"-//Hibernate/Hibernate Mapping DTD 3.0//EN"
"http://hibernate.sourceforge.net/hibernate-mapping-3.0.dtd">
<!--   private String firstName;
	  private String lastName;
	  private String email;
	  private long id;
 -->
<hibernate-mapping>
  <class name="hyberpck.Contact" table="Oct_CONTACT">	  
		   <id name="id" type="long" column="ID" >
			   <generator class="native"/><!-- assigned - Hibernate will generate the id -->
		  </id>
		  <property name="firstName" type="string">
		     <column name="FNAME" length="10"/>
		  </property>
		  <property name="lastName" type="string">
		    <column name="LNAME" length="10"/>
		  </property>
		  <property name="email">
		    <column name="MAIL" length="15"/>
		  </property>
 </class>
 
 <class name="hyberpck.Insurance" table="OCT_INSURANCE">
			   <id name="id" type="long" column="INS_ID" >
			      <generator class="assigned"/><!-- assigned - User should give the id -->
			  </id>	
			  <property name="insuranceName">
			     <column name="INSURANCENAME" length="10"/>
			  </property>
			  <property name="investedAmount">
			    <column name="INVESTEDAMOUNT" length="10"/>
			  </property>
			  <property name="investmentDate">
			    <column name="INVESTMENTDATE" length="20"/>
			  </property>
 </class>
  
 
 
</hibernate-mapping>
	