<?xml version='1.0' encoding='utf-8'?>
<!DOCTYPE hibernate-configuration PUBLIC
"-//Hibernate/Hibernate Configuration DTD//EN"
"http://hibernate.sourceforge.net/hibernate-configuration-3.0.dtd">

<hibernate-configuration>
<session-factory>
      <property name="hibernate.connection.driver_class">oracle.jdbc.driver.OracleDriver</property>
     <property name="hibernate.connection.url">jdbc:oracle:thin:@10.219.34.3:1521:orcl</property>
		<property name="hibernate.connection.username">hema</property>
		<property name="hibernate.connection.password">corp123</property>
   <!--      <property name="hibernate.connection.url">jdbc:oracle:thin:@10.125.6.62 :1521:orcl11g</property>
      <property name="hibernate.connection.username">trg301</property>
      <property name="hibernate.connection.password">training301</property>
      <property name="hibernate.connection.url">jdbc:oracle:thin:@10.125.6.62:1521:orcl11g</property>
		<property name="hibernate.connection.username">lab08trg1</property>
		<property name="hibernate.connection.password">lab08oracle</property>-->
      <property name="hibernate.connection.pool_size">10</property>
 <property name="hibernate.connection.autocommit">true</property> 
        <property name="current_session_context_class">thread</property>
   
      <property name="show_sql">true</property>
   <property name="hibernate.hbm2ddl.auto">update</property>
      <!-- Mapping files -->
      <mapping resource="contact.hbm.xml"/>
</session-factory>
</hibernate-configuration>