<?xml version="1.0"?>
<!DOCTYPE hibernate-mapping PUBLIC
        "-//Hibernate/Hibernate Mapping DTD 3.0//EN"
        "http://hibernate.sourceforge.net/hibernate-mapping-3.0.dtd">

<hibernate-mapping>

	<class name="com.hibernate.Tb_Person" table="PERSON">
		<id name="id" column="id"></id>
		<property name="country" column="COUNTRY" length="10"/>
    
    <joined-subclass name="com.hibernate.Tb_Individual" table="INDIVIDUAL">
      <key column="id"/>
      <property name="fname" column="FIRST_NAME" length="10"/>
      <property name="lname" column="LAST_NAME" length="10"/>
    </joined-subclass>
    
    <joined-subclass name="com.hibernate.Tb_Corporation" table="CORPORATION">
      <key column="id"/>
      <property name="name" column="NAME" length="10"/>
      <property name="registrationno" column="REGISTRATION_NUMBER" length="10"/>
    </joined-subclass>
	</class>

</hibernate-mapping>