<?xml version="1.0" encoding="UTF-8"?>
<!DOCTYPE hibernate-mapping PUBLIC
"-//Hibernate/Hibernate Mapping DTD 3.0//EN"
"http://hibernate.sourceforge.net/hibernate-mapping-3.0.dtd">
<hibernate-mapping>
    <class name="com.igatepatni.Employee" table="EMPLOYEE_NEW_HB2">
        <meta attribute="class-description">This class contains employee details.</meta>
        
        <id name="Empid"  column="EMPLOYEE_ID">
            <generator class="native" />
        </id>
        <property name="ename" type="string" length="20" 
        not-null="true" column="EMPLOYEE_NAME" />
      
      <join table="Emp_SBU_Join" 
        inverse="true" 
        optional="true">
        <key column="EMPLOYEE_ID"/>
        <many-to-one name="empSBU" class="com.igatepatni.SBU"
            column="SBUID"
            not-null="true"  
            cascade="save-update"/>
    </join>      
     
    </class>
</hibernate-mapping>
