<?xml version="1.0" encoding="UTF-8"?>
<!DOCTYPE hibernate-mapping PUBLIC 
"-//Hibernate/Hibernate Mapping DTD 3.0//EN"
"http://hibernate.sourceforge.net/hibernate-mapping-3.0.dtd">

<hibernate-mapping>
  <class name="com.igatepatni.SBU" table="SBU_NEW_HB2">
   <id name="SBU_Id"  column="SBUID" >
   <generator class="native"/>
  </id>

  <property name="SBU_name">
     <column name="SBUNAME" length="10"/>
  </property>
 
   <set name="emp" 
        table="Emp_SBU_Join" >
          <key column="SBUID"/>
        <many-to-many column="EMPLOYEE_ID" 
        	class="com.igatepatni.Employee" 
        	 />
        </set>
 
 </class>
</hibernate-mapping>
	
