<?xml version="1.0" encoding="UTF-8"?>
<!DOCTYPE hibernate-configuration PUBLIC
		"-//Hibernate/Hibernate Configuration DTD 3.0//EN"
		"http://hibernate.sourceforge.net/hibernate-configuration-3.0.dtd">
<hibernate-configuration>
    <session-factory>
     <property name="hibernate.connection.driver_class">org.hsqldb.jdbcDriver</property>
      <property name="hibernate.connection.url">jdbc:hsqldb:hsql://localhost/xdb</property>
      <property name="hibernate.connection.username">sa</property>
      <property name="hibernate.connection.password"></property>
        <property name="connection.pool_size">1</property>
              <property name="dialect">org.hibernate.dialect.HSQLDialect</property>
        <property name="show_sql">true</property>
        <property name="hbm2ddl.auto">create</property>
       
        <mapping resource="com/student/Address.hbm.xml"/>
    </session-factory>
</hibernate-configuration>
