<?xml version='1.0' encoding='utf-8'?>
<!DOCTYPE hibernate-configuration PUBLIC "-//Hibernate/Hibernate Configuration DTD 3.0//EN"
        "http://hibernate.sourceforge.net/hibernate-configuration-3.0.dtd">

<hibernate-configuration>
    <session-factory>
        <!-- Database connection settings -->
         <property name="hibernate.connection.driver_class">oracle.jdbc.driver.OracleDriver</property>
 <property name="hibernate.connection.url">jdbc:oracle:thin:@10.219.34.3:1521:orcl</property>
      <property name="hibernate.connection.username">hema</property>
      <property name="hibernate.connection.password">corp123</property> 
      
       <!-- <property name="hibernate.default_schema">hibernate_filter_demo</property>-->
             <property name="dialect">org.hibernate.dialect.Oracle10gDialect</property>
        <property name="hibernate.hbm2ddl.auto">update</property>
         
        
        <!-- JDBC connection pool (use the built-in) -->
        <property name="connection.pool_size">1</property>     
        
        <!-- Enable Hibernate's automatic session context management -->
        <property name="current_session_context_class">thread</property>        

        <!-- Disable the second-level cache  -->
        <property name="cache.provider_class">org.hibernate.cache.NoCacheProvider</property>

        <!-- Echo all executed SQL to stdout -->
        <property name="show_sql">false</property>

        <mapping resource="data/Flight.hbm.xml"/>
        <!-- <mapping class="data.Flight"/> -->
    </session-factory>
</hibernate-configuration>