<?xml version="1.0" encoding="UTF-8"?>
<!DOCTYPE hibernate-configuration PUBLIC
		"-//Hibernate/Hibernate Configuration DTD 3.0//EN"
		"http://hibernate.sourceforge.net/hibernate-configuration-3.0.dtd">
<hibernate-configuration>
    <session-factory>
        <property name="hibernate.connection.driver_class">oracle.jdbc.driver.OracleDriver</property>
      <property name="hibernate.connection.url">jdbc:oracle:thin:@192.168.104.157:1522:orcl</property>
      <property name="hibernate.connection.username">scott</property>
      <property name="hibernate.connection.password">tiger</property>
             <property name="dialect">org.hibernate.dialect.Oracle10gDialect</property>
        <property name="hibernate.hbm2ddl.auto">update</property>
        <mapping resource="com/igatepatni/example/Course.hbm.xml"/>
    </session-factory>
</hibernate-configuration>
