<?xml version="1.0"?>
<!DOCTYPE hibernate-mapping PUBLIC
"-//Hibernate/Hibernate Mapping DTD 3.0//EN"
"http://hibernate.sourceforge.net/hibernate-mapping-3.0.dtd">
<hibernate-mapping>
    <class name="com.igate.entity.Student" table="STUDENT2">
        <meta attribute="class-description">This class contains student details.</meta>
        <id name="studentId" type="long" column="STUDENT_ID">
            <generator class="native" />
        </id>
        <property name="studentName" type="string" length="10" not-null="true" column="STUDENT_NAME" />
        <set name="courses" table="STUDENT_COURSE" cascade="all">
            <key column="STUDENT_ID" />
            <many-to-many column="COURSE_ID"  class="com.igate.entity.Course" />
            <!-- One to many mapping unique =true
            <many-to-many column="PHONE_ID" class="com.igate.entity.Phone" unique="true" /> -->
        </set>
    </class>
</hibernate-mapping>
