<?xml version="1.0"?>
<!DOCTYPE hibernate-mapping PUBLIC
"-//Hibernate/Hibernate Mapping DTD 3.0//EN"
"http://hibernate.sourceforge.net/hibernate-mapping-3.0.dtd">
<hibernate-mapping>
    <class name="com.student.Student" table="STUDENT_NEW_BD">
        <id name="studentId" column="StuId">
        <generator class="native"/>
    </id>
    <property name="studentName" column="StuName" type="string"  length="10" ></property>
    <many-to-one name="studentAddress" 
        column="addressId"
        not-null="true"  cascade="all" />
    </class>
</hibernate-mapping>

