<?xml version='1.0' encoding='utf-8'?>
<!DOCTYPE hibernate-configuration PUBLIC
    "-//Hibernate/Hibernate Configuration DTD//EN"
    "http://hibernate.sourceforge.net/hibernate-configuration-3.0.dtd">
<hibernate-configuration>
    <session-factory>
        <!-- Database connection settings -->
        <property name="connection.driver_class">oracle.jdbc.driver.OracleDriver</property>
     <property name="hibernate.connection.url">jdbc:oracle:thin:@10.219.34.3:1521:orcl</property>
      <property name="hibernate.connection.username">hema</property>
      <property name="hibernate.connection.password">corp123</property> 
        <!-- JDBC connection pool (use the built-in) -->
        <property name="connection.pool_size">1</property>

        <!-- SQL dialect -->
        <property name="dialect">org.hibernate.dialect.Oracle10gDialect</property>
<property name="hibernate.hbm2ddl.auto">update</property>
        <!-- Echo all executed SQL to stdout -->
        <property name="show_sql">true</property>

        <!-- Mapping files -->
        <mapping resource="Product.hbm.xml"/>
        <mapping resource="Supplier.hbm.xml"/>
    </session-factory>
</hibernate-configuration>