<?xml version="1.0"?>
<!DOCTYPE hibernate-mapping PUBLIC
"-//Hibernate/Hibernate Mapping DTD 3.0//EN"
"http://hibernate.sourceforge.net/hibernate-mapping-3.0.dtd">
<hibernate-mapping>
	<class name="com.student.Address" table="ADDRESS_NEW_BDPK">
		<id name="addressId" type="long" column="add_Id">
			<generator class="foreign" >
				<param name="property">people</param>
			</generator>		
		</id>
		<property name="street" column="ADDRESS_STREET" type="string"
			length="10" />
		<property name="city" column="ADDRESS_CITY" type="string"
			length="10" />
		<property name="state" column="ADDRESS_STATE" type="string"
			length="10" />
		<property name="zipcode" column="ADDRESS_ZIPCODE" type="string"
			length="10" />

		<one-to-one name="people" class="com.student.Student" 	constrained="true"/>
	</class>
</hibernate-mapping>
