<?xml version="1.0"?>
<!DOCTYPE hibernate-mapping PUBLIC
"-//Hibernate/Hibernate Mapping DTD 3.0//EN"
"http://hibernate.sourceforge.net/hibernate-mapping-3.0.dtd">
<hibernate-mapping>
    <class name="com.student.Student" table="STUDENT_NEW_BDPK">
        <id name="studentId" column="StuId">
        <generator class="native"/>
    </id>
    <property name="studentName" column="StuName" type="string" length="10"></property>
    <one-to-one name="studentAddress" class="com.student.Address"  cascade="all" />
   <!--  cascade="save-update" constrained="true"/>-->
    </class>
</hibernate-mapping>
