<?xml version="1.0"?>
<!DOCTYPE hibernate-mapping PUBLIC
"-//Hibernate/Hibernate Mapping DTD 3.0//EN"
"http://hibernate.sourceforge.net/hibernate-mapping-3.0.dtd">
<hibernate-mapping>
	<class name="com.igatepatni.Item" table="Item4">
		<meta attribute="class-description">This class contains item details.</meta>
		<id name="id" type="long" column="Item_ID">
			<generator class="native" />
		</id>
		<property name="names" type="string" not-null="true"
			column="Item_name" />
			
		<idbag name="sizes" table="idbag_item4"  cascade="all">
			<collection-id column="id" type="long"> 
        	<generator class="native"/> 
      		</collection-id>
             <key column="Item_ID"/>
             <element column="itemSize" type="int"/>
       </idbag>
       
       <!-- 	<bag name="sizes" table="item_sizes" order-by="itemSize asc" cascade="all">
             <key column="Item_ID"/>
             <element column="itemSize" type="int"/>
       </bag> -->
	</class>
</hibernate-mapping>
