<?xml version="1.0"?>
<!DOCTYPE hibernate-mapping PUBLIC 
	"-//Hibernate/Hibernate Mapping DTD 3.0//EN"
	"http://hibernate.sourceforge.net/hibernate-mapping-3.0.dtd">
<hibernate-mapping	package="cachepack">

<class name="AccountPOJO" table="p_account_customer">
<!--  <cache usage="read-write"/> -->
<!--MENTION IT BEFORE PROPERTIES same thing can be done in <SET> for Collection-->
		<id name="accid">
		<generator class="increment"></generator>			
		</id>
		
		<property name="custid" column="personID" />

		<property name="open_bal"  column="Opening_balance"/>
		<property name="curr_bal"  column="Current_balance"/>
	
</class>
	
	
</hibernate-mapping>