<?xml version='1.0' encoding='utf-8'?>
<!DOCTYPE hibernate-configuration PUBLIC
    "-//Hibernate/Hibernate Configuration DTD//EN"
    "http://hibernate.sourceforge.net/hibernate-configuration-3.0.dtd">
<hibernate-configuration>
    <session-factory>
        <!-- Database connection settings -->
      <property name="hibernate.connection.driver_class">oracle.jdbc.driver.OracleDriver</property>
      <property name="hibernate.connection.url">jdbc:oracle:thin:@NDAOracle.igatecorp.com:1521:orcl11g</property>
		<property name="hibernate.connection.username">lab01trg1</property>
		<property name="hibernate.connection.password">lab01oracle</property>
    <!--   <property name="hibernate.connection.url">jdbc:oracle:thin:@10.219.34.3:1521:orcl</property>
      <property name="hibernate.connection.username">trg301</property>
      <property name="hibernate.connection.password">training301</property> -->
         <property name="dialect">org.hibernate.dialect.Oracle9iDialect</property>
        <property name="connection.pool_size">10</property>
           <property name="show_sql">true</property>
        <property name="hbm2ddl.auto">create</property>
        <!-- Echo all executed SQL to stdout -->
        <property name="show_sql">false</property>
<property name="hibernate.hbm2ddl.auto">update</property>
        <!-- Mapping files -->
        <mapping resource="Product.hbm.xml"/>
        <mapping resource="Supplier.hbm.xml"/>
    </session-factory>
</hibernate-configuration>