<?xml version='1.0' encoding='utf-8'?>
<!DOCTYPE hibernate-mapping
   PUBLIC "-//Hibernate/Hibernate Mapping DTD//EN"
   "http://hibernate.sourceforge.net/hibernate-mapping-3.0.dtd">

<hibernate-mapping>
   <class name="Product" table="Product_Hb">
      <id name="id" type="int">
         <generator class="increment"/>
      </id>

      <property name="name" type="string"/>
      <property name="description" type="string"/>
      <property name="price" type="double"/>
      <many-to-one name="supplier" class="Supplier" column="supplierId"/>

   </class>
</hibernate-mapping>
