<?xml version="1.0"?>
<!DOCTYPE hibernate-mapping PUBLIC
"-//Hibernate/Hibernate Mapping DTD 3.0//EN"
"http://hibernate.sourceforge.net/hibernate-mapping-3.0.dtd">
<hibernate-mapping>
	<class name="com.igatepatni.Item" table="Oct_Item3">
		<meta attribute="class-description">This class contains item details.</meta>
		<id name="id" type="long" column="Item_ID">
			<generator class="native" />
		</id>
		<property name="names" type="string" not-null="true"
			column="Item_name" />
		<bag name="sizes" table="Oct_sizes3" order-by="itemSize asc" cascade="all">
             <key column="Item_ID"/>
             <element column="itemSize" type="int"/>
       </bag>
	</class>
</hibernate-mapping>
