<?xml version="1.0"?>
<!DOCTYPE hibernate-mapping PUBLIC
	"-//Hibernate/Hibernate Mapping DTD 3.0//EN"
	"http://hibernate.sourceforge.net/hibernate-mapping-3.0.dtd">


<hibernate-mapping package="com.patni.set">

	<class name="Parent">
		<id name="name" column="NAME" type="string" length="10" />

		<set name="children" inverse="true"  cascade="all">
			<key column="PARENT" />
			<one-to-many class="Child" />
		</set>
	</class>

	<class name="Child">
		<id name="name" column="NAME" type="string" length="10" />
		<many-to-one name="parent" class="Parent"/>

	</class>

</hibernate-mapping>
