<?xml version="1.0"?>
<!DOCTYPE hibernate-mapping PUBLIC
"-//Hibernate/Hibernate Mapping DTD 3.0//EN"
"http://hibernate.sourceforge.net/hibernate-mapping-3.0.dtd">
<hibernate-mapping>
	<class name="com.igatepatni.Item" table="Oct_Item">
		<meta attribute="class-description">This class contains item details.</meta>
		<id name="id" type="long" column="Item_ID">
			<generator class="native" />
		</id>
		<property name="names" type="string" not-null="true"
			column="Item_name" length="10"/>
			
			<!-- List [10,40,27]
			Item Id =99
			New Table -> oct_item_sizes
			Item_Id   idx    itemSize
			99				1 			10
			99 			2 			40
			99 			3 			27
			 -->
		<list name="sizes" table="oct_item_sizes" cascade="all">
            <key column="Item_ID"/>
            <index column="idx"/>
             <element column="itemSize" length="10" type="int"/>
        </list>
			
	</class>
</hibernate-mapping>
