<?xml version="1.0"?>
<!DOCTYPE hibernate-mapping PUBLIC
"-//Hibernate/Hibernate Mapping DTD 3.0//EN"
"http://hibernate.sourceforge.net/hibernate-mapping-3.0.dtd">
<hibernate-mapping>
	<class name="com.igatepatni.Team" table="Oct_Team2">
		<meta attribute="class-description">This class contains team details.</meta>
		<id name="id" type="int" column="TEAM_ID">
			<generator class="native" />
		</id>
		<property name="location" type="string" not-null="true"
			column="TEAM_LOC" />
	    <array name="names" table="Oct_Team_Members2">
             <key column="person_id"/>
             <index column="idx"/>
             <element column="person_name" length="10" type="string" />
        </array>
	
		
	</class>
</hibernate-mapping>
