<?xml version="1.0" encoding="UTF-8"?>
<!DOCTYPE hibernate-configuration PUBLIC
		"-//Hibernate/Hibernate Configuration DTD 3.0//EN"
		"http://hibernate.sourceforge.net/hibernate-configuration-3.0.dtd">
<hibernate-configuration>
    <session-factory>
    
    <property name="hibernate.connection.driver_class">oracle.jdbc.driver.OracleDriver</property>
		<property name="hibernate.connection.url">jdbc:oracle:thin:@10.219.34.3:1521:orcl</property>
		<property name="hibernate.connection.username">hema</property>
		<property name="hibernate.connection.password">corp123</property>
		<property name="connection.pool_size">1</property>
      <property name="dialect">org.hibernate.dialect.Oracle10gDialect</property>
        <property name="show_sql">true</property>
        <property name="hbm2ddl.auto">create</property>
        <mapping resource="com/student/Student.hbm.xml"/>
        <mapping resource="com/student/Address.hbm.xml"/>
    </session-factory>
</hibernate-configuration>
