<?xml version="1.0"?>
<!DOCTYPE hibernate-mapping PUBLIC
"-//Hibernate/Hibernate Mapping DTD 3.0//EN"
"http://hibernate.sourceforge.net/hibernate-mapping-3.0.dtd">
<hibernate-mapping>
	<class name="com.student.Address" table="ADDRESS_MO">
		
		<id name="addressId" type="long" column="ADDRESS_ID">
			<generator class="native" />
		</id>
		<property name="street" column="ADDRESS_STREET" type="string" length="20" />
		<property name="city" column="ADDRESS_CITY" type="string" length="30" />
		<property name="state" column="ADDRESS_STATE" type="string" length="30" />
		<property name="zipcode" column="ADDRESS_ZIPCODE" type="string" length="30" />
	</class>
</hibernate-mapping>
