<?xml version="1.0"?>
<!DOCTYPE hibernate-mapping PUBLIC
        "-//Hibernate/Hibernate Mapping DTD 3.0//EN"
        "http://hibernate.sourceforge.net/hibernate-mapping-3.0.dtd">

<hibernate-mapping>

	<class name="com.igatepatni.demos.Account" table="Account_HB" >
		<id name="Acc_id" column="Account_id"></id>    
	
	<union-subclass name="com.igatepatni.demos.SavingsAccount" table="Savings_HB" >		
		<property name="name" column="name"  length="10"/>
        <property name="Balance" column="Balance" length="10"/>
	</union-subclass>
	
	<union-subclass name="com.igatepatni.demos.CurrentAccount" table="Current_HB" >		
		<property name="name" column="name"  length="10"/>
        <property name="balance" column="balance"  length="10"/>
         <property name="organisation" column="Org"  length="10"/>
	</union-subclass>
	</class>
</hibernate-mapping>