<?xml version='1.0' encoding='utf-8'?>
<!DOCTYPE hibernate-configuration PUBLIC
        "-//Hibernate/Hibernate Configuration DTD 3.0//EN"        "http://hibernate.sourceforge.net/hibernate-configuration-3.0.dtd">
<hibernate-configuration>
    <session-factory>
        <!-- Database connection settings -->
               <property name="connection.driver_class">oracle.jdbc.driver.OracleDriver</property>
   <property name="hibernate.connection.url">jdbc:oracle:thin:@10.219.34.3:1521:orcl</property>
      <property name="hibernate.connection.username">hema</property>
      <property name="hibernate.connection.password">corp123</property> 
    <!--        <property name="connection.pool_size">10</property>-->
        <!-- SQL dialect 
		<property name="dialect">org.hibernate.dialect.Oracle10gDialect</property>-->
        <!-- Enable Hibernate's automatic session context management 
        <property name="current_session_context_class">thread</property>-->
        <!-- Echo all executed SQL to stdout -->
        <property name="show_sql">true</property>
        <!-- Drop and re-create the database schema on startup -->
        <property name="hbm2ddl.auto">create</property>
		<mapping resource="playername.hbm.xml" />
    </session-factory>
</hibernate-configuration>