<?xml version="1.0"?>
<!DOCTYPE hibernate-mapping PUBLIC "-//Hibernate/Hibernate Mapping DTD 3.0//EN"
	"http://hibernate.sourceforge.net/hibernate-mapping-3.0.dtd">

<hibernate-mapping>
	<class name="interceptor.PlayerName" table="Oct_PlayerNames">
		<id name="primaryKey" column="Id" type = "string">
		    <generator class="assigned"/>
		</id>
		<property name="firstName">
		    <column name="fName"/>
		</property>
		<property name="middleName">
		    <column name="mName"/>
		</property>
		<property name="lastName">
		    <column name="lName"/>
		</property>
		<property name="completeName">
		    <column name="completeName"/>
		</property>
	</class>
</hibernate-mapping>
