<?xml version="1.0"?>
<!DOCTYPE hibernate-mapping PUBLIC
        "-//Hibernate/Hibernate Mapping DTD 3.0//EN"
        "http://hibernate.sourceforge.net/hibernate-mapping-3.0.dtd">

<hibernate-mapping>

	<class name="com.pay.Payment" table="PAYMENT">
		<id name="id" column="payment_id"></id>
		
		<discriminator column="payment_type" type="string" length="10"/>
		 <property name="message" column="Message" length="10"/>
		<property name="amount" column="paymentamount"/>
   
    	<subclass name="com.pay.CreditPayment" discriminator-value="CREDIT">
            <property name="creditcardtype" column="creditcardtype" length="10"/>
    	</subclass>
   
    	<subclass name="com.pay.CashPayment" discriminator-value="CASH">
      
    	</subclass>

		</class>

</hibernate-mapping>