<?xml version="1.0"?>
<!DOCTYPE hibernate-mapping PUBLIC
"-//Hibernate/Hibernate Mapping DTD 3.0//EN"
"http://hibernate.sourceforge.net/hibernate-mapping-3.0.dtd">
<hibernate-mapping>
	<class name="com.student.Student" table="STUDENT101">
		<id name="studentId" column="StuId">
			<generator class="native" />
		</id>
		<property name="studentName" column="StuName" type="string"
			length="10"></property>
		<many-to-one name="studentAddress" column="addressId"
			unique="true" cascade="all" not-null="true" /> 
		<!-- 	<one-to-one name="studentAddress" property-ref="people" />-->
	</class>
</hibernate-mapping>
