<?xml version='1.0' encoding='utf-8'?>
<!DOCTYPE hibernate-configuration PUBLIC
    "-//Hibernate/Hibernate Configuration DTD//EN"
    "http://hibernate.sourceforge.net/hibernate-configuration-3.0.dtd">
<hibernate-configuration>
    <session-factory>
    
     <property name="hibernate.connection.driver_class">oracle.jdbc.driver.OracleDriver</property>
 <!--         <property name="hibernate.connection.url">jdbc:oracle:thin:@NDAOracle.igatecorp.com:1521:orcl11g</property>
		<property name="hibernate.connection.username">lab01trg1</property>
		<property name="hibernate.connection.password">lab01oracle</property>-->
     <property name="hibernate.connection.url">jdbc:oracle:thin:@10.219.34.3:1521:orcl</property>
      <property name="hibernate.connection.username">hema</property>
      <property name="hibernate.connection.password">corp123</property> 
        <property name="hibernate.hbm2ddl.auto">update</property>
    	<property name="hibernate.connection.pool_size">0</property>
       
        <property name="hibernate.show_sql">false</property>
        <property name="hibernate.use_sql_comments">false</property>
        <property name="dialect">org.hibernate.dialect.Oracle10gDialect</property>

        <!-- Mappings -->
        <mapping class="com.hibernatebook.queries.Product"/>
        <mapping class="com.hibernatebook.queries.Software"/>
        <mapping class="com.hibernatebook.queries.Supplier"/>

    </session-factory>

</hibernate-configuration>