<?xml version="1.0"?>
<!DOCTYPE hibernate-mapping PUBLIC
"-//Hibernate/Hibernate Mapping DTD 3.0//EN"
"http://hibernate.sourceforge.net/hibernate-mapping-3.0.dtd">
<hibernate-mapping>
<!-- STUDENT_ID  STUDENT_NAME STUDENT_ADDRESS REFERENCES ADDRESS(ADDRESS_ID) -->
    <class name="com.igate.entity.Student" table="Jan_STUDENT">
        <meta attribute="class-description">This class contains student details.</meta>
        <id name="studentId" type="long" column="STUDENT_ID">
            <generator class="native" />
        </id>
        <property name="studentName" type="string" not-null="true" 
        length="12" column="STUDENT_NAME" />
        <!-- many-to-one + unique='true' means one-to-one -->
        <many-to-one name="studentAddress" class="com.igate.entity.Address" 
        column="STUDENT_ADDRESS" not-null="true" cascade="all" unique="true" />
    </class>
</hibernate-mapping>
