<?xml version="1.0" encoding="UTF-8"?>
<!DOCTYPE hibernate-configuration PUBLIC
		"-//Hibernate/Hibernate Configuration DTD 3.0//EN"
		"http://hibernate.sourceforge.net/hibernate-configuration-3.0.dtd">
<hibernate-configuration>
    <session-factory>

        <!-- Database connection settings -->
        <property name="hibernate.connection.driver_class">oracle.jdbc.driver.OracleDriver</property>
       <property name="hibernate.connection.url">jdbc:oracle:thin:@NDAOracle.igatecorp.com:1521:orcl11g</property>
		<property name="hibernate.connection.username">lab01trg1</property>
		<property name="hibernate.connection.password">lab01oracle</property>
    <!--   <property name="hibernate.connection.url">jdbc:oracle:thin:@10.219.34.3:1521:orcl</property>
      <property name="hibernate.connection.username">trg301</property>
      <property name="hibernate.connection.password">training301</property> -->

        <!-- JDBC connection pool (use the built-in) -->
        <property name="connection.pool_size">5</property>

        <!-- SQL dialect -->
         <property name="dialect">org.hibernate.dialect.Oracle9iDialect</property>

        <!-- Enable Hibernate's automatic session context management -->
        <property name="current_session_context_class">thread</property>

        <!-- Disable the second-level cache  -->
        <property name="cache.provider_class">org.hibernate.cache.NoCacheProvider</property>

        <!-- Echo all executed SQL to stdout -->
        <property name="show_sql">true</property>

        <!-- Drop and re-create the database schema on startup -->
        <property name="hbm2ddl.auto">create</property>

        <mapping resource="product.hbm.xml"/>

    </session-factory>
</hibernate-configuration>
