<?xml version="1.0" encoding="UTF-8"?>
<!DOCTYPE hibernate-mapping PUBLIC 
"-//Hibernate/Hibernate Mapping DTD 3.0//EN"
"http://hibernate.sourceforge.net/hibernate-mapping-3.0.dtd">

<hibernate-mapping>
  <class name="com.igate.product" table="NEW_PROD">
   <id name="productId" type="int" column="PID" >
   <generator class="native"/>
  </id>

  <property name="pname">
     <column name="PNAME" length="10"/>
  </property>
  <property name="qty">
    <column name="QTY" length="10"/>
  </property>
   <property name="price">
    <column name="PRICE" length="10"/>
  </property>
  
  </class>
  	<query name="HQLpricing"><![CDATA[ from product p where p.price > :new_price]]>
	</query>
</hibernate-mapping>
