<?xml version="1.0"?>
<!DOCTYPE hibernate-mapping PUBLIC 
"-//Hibernate/Hibernate Mapping DTD 3.0//EN"
"http://hibernate.sourceforge.net/hibernate-mapping-3.0.dtd">

<hibernate-mapping>
<class name="com.cg.hibernate.demo.Customer" table="Customer_Oct">
   <id name="cId" column="custId" >
       	<!-- 	<generator class="assigned"></generator> -->
   		<generator class="native"></generator>
    </id>
	<property name="cName" type="string">
		<column name="custName" length="10"></column>
	</property>
	<property name="location" type="string">
		<column name="custLoc" length="10"></column>
	</property>
	<property name="orderCount"  length="3"/>
</class>
</hibernate-mapping>
