<?xml version="1.0"?>
<!DOCTYPE hibernate-mapping PUBLIC
        "-//Hibernate/Hibernate Mapping DTD 3.0//EN"
        "http://hibernate.sourceforge.net/hibernate-mapping-3.0.dtd">

<hibernate-mapping>

	<class name="com.property.Land" table="LAND" >
		<id name="id" column="property_id"></id>
		<property name="description" column="description" length="40"/>
         <property name="price" column="price"/>
		<property name="sqfeet" column="sqfeet"/>
    
	</class>

	<class name="com.property.Building" table="BUILDING" >
		<id name="id" column="property_id"></id>
		<property name="description" column="description" length="40"/>
        <property name="price" column="price"/>
		<property name="buldingname" column="buildingname" length="15"/>
    
	</class>
	
	<class name="com.property.Estate" table="ESTATE" >
		<id name="id" column="property_id"></id>
		<property name="description" column="description" length="40"/>
        <property name="price" column="price"/>    
	</class>
</hibernate-mapping>